epoch,head,left_ear,loss,lr,nose,right_ear,spine1,spine2,spine3,spine4,val_head,val_left_ear,val_loss,val_nose,val_right_ear,val_spine1,val_spine2,val_spine3,val_spine4
0,0.0016206983709707856,0.001623060554265976,0.0016080134082585573,1e-04,0.0015186585951596498,0.0017106186132878065,0.001608977559953928,0.0015846327878534794,0.0015685424441471696,0.0016289177583530545,0.0015602054772898555,0.0015924811596050858,0.0015289983712136745,0.0015848147450014949,0.0015877302503213286,0.0014797726180404425,0.001422331901267171,0.0014287079684436321,0.0015759434318169951
1,0.0015186832752078772,0.0015529972733929753,0.0014823434175923467,1e-04,0.0014766363892704248,0.0015590921975672245,0.0014290199615061283,0.0013526038965210319,0.001410587690770626,0.0015591249102726579,0.0014804282691329718,0.0015232819132506847,0.0014440250815823674,0.0015605386579409242,0.0015199293848127127,0.0013611646136268973,0.0012466810876503587,0.0013448254903778434,0.0015153504209592938
2,0.001418640953488648,0.0014959543477743864,0.0013713556108996272,1e-04,0.0014594952808693051,0.0014944702852517366,0.0013264805311337113,0.0009676607442088425,0.0013019568286836147,0.0015061881858855486,0.0013097336050122976,0.0014945751754567027,0.0012881522998213768,0.0015284739201888442,0.0014607708435505629,0.0013118053320795298,0.0004654063086491078,0.0012662250082939863,0.0014682296896353364
3,0.0012796565424650908,0.0014467999571934342,0.0012216884642839432,1e-04,0.0014181963633745909,0.0014523044228553772,0.0012692591408267617,0.00023029932344798,0.0012313909828662872,0.0014456008793786168,0.0011301137274131179,0.0014196409611031413,0.001174722332507372,0.0014140945859253407,0.001421384047716856,0.0012450956273823977,0.00012096655700588599,0.00123587844427675,0.001410606550052762
4,0.0011061186669394374,0.00138314557261765,0.0011357011971995234,1e-04,0.0013137301430106163,0.0013981919037178159,0.0011953202774748206,9.795504593057558e-05,0.0011772547150030732,0.0014138935366645455,0.0010659467661753297,0.001383234397508204,0.0011206885101273656,0.001312545035034418,0.0013733304804190993,0.0011752090649679303,7.450125849572942e-05,0.0011788245756179094,0.0014019161462783813
5,0.0010226848535239697,0.001347712124697864,0.0011015554191544652,1e-04,0.001256298623047769,0.0013587969588115811,0.0011724651558324695,0.00010012968414230272,0.001169000519439578,0.0013853578129783273,0.00090309715596959,0.0013165581040084362,0.0010742342565208673,0.0012580748880282044,0.001311061903834343,0.0011373352026566863,0.00012218975462019444,0.0011759763583540916,0.0013695801608264446
6,0.0009431823273189366,0.0012910423101857305,0.0010477137984707952,1e-04,0.001165643334388733,0.001302248565480113,0.0011283131316304207,8.902409172151238e-05,0.0011333244619891047,0.0013289301423355937,0.0008124617161229253,0.0012399954721331596,0.0009949018713086843,0.0011357793118804693,0.00124703801702708,0.001081072143279016,7.322158489841968e-05,0.0010896921157836914,0.0012799549149349332
7,0.0008793581509962678,0.0012330759782344103,0.0009875540854409337,1e-04,0.0010954212630167603,0.0012453804956749082,0.001079109264537692,9.258714271709323e-05,0.0010373727418482304,0.0012381271226331592,0.0007739182328805327,0.0011878430377691984,0.0009435826796106994,0.0010658971732482314,0.0011828967835754156,0.0010604714043438435,0.00013543768727686256,0.0009743901900947094,0.0011678066803142428
8,0.0008474155329167843,0.0011952557833865285,0.0009349061292596161,1e-04,0.0010225597070530057,0.0011767338728532195,0.0010263831354677677,8.366350084543228e-05,0.0009718079818412662,0.0011554337106645107,0.0008081754203885794,0.0011549470946192741,0.0008852746686898172,0.0010322484886273742,0.0011063767597079277,0.0009392938227392733,8.518163667758927e-05,0.0008944966830313206,0.0010614778148010373
9,0.0008364665554836392,0.0011452839244157076,0.0008883567061275244,1e-04,0.000990309868939221,0.0011233653640374541,0.0009622744983062148,8.672901458339766e-05,0.0008928395109251142,0.001069584395736456,0.0007218512473627925,0.0010678726248443127,0.000807819189503789,0.0009457939304411411,0.001017688075080514,0.0008595421095378697,8.860236994223669e-05,0.0007831409457139671,0.0009780616965144873
10,0.0008194681140594184,0.0010846636723726988,0.0008409637957811356,1e-04,0.0009446775075048208,0.0010414811549708247,0.000886918103788048,8.267388329841197e-05,0.000848687079269439,0.0010191434994339943,0.0007360437302850187,0.0009917638963088393,0.0007618815288878977,0.0009366150479763746,0.0009230863652192056,0.0007347437203861773,9.254243195755407e-05,0.0007329817744903266,0.0009472754318267107
11,0.0007715589017607272,0.0009699956863187253,0.0007685119635425508,1e-04,0.0009048283100128174,0.0009370257030241191,0.000779459485784173,8.662042819196358e-05,0.000759151007514447,0.0009394566877745092,0.0007231771596707404,0.0008710420806892216,0.0007134925108402967,0.0009088286897167563,0.000848127412609756,0.000640910875517875,9.747080184752122e-05,0.0007074596942402422,0.0009109233506023884
12,0.0007596546201966703,0.0009031952358782291,0.0007318723946809769,1e-04,0.0008839326328597963,0.0008896462386474013,0.0007230329792946577,8.954103395808488e-05,0.0007098593050613999,0.0008961177663877606,0.0007112891762517393,0.0008528451435267925,0.0006986529333516955,0.0008672399562783539,0.0008410672307945788,0.0007478321786038578,8.674387936480343e-05,0.0006699662189930677,0.0008122397121042013
13,0.0007486087852157652,0.000857864913996309,0.0006974235293455422,1e-04,0.0008561231661587954,0.0008557258406654,0.0006638072663918138,8.054373029153794e-05,0.0006570155383087695,0.0008596983388997614,0.0007076803594827652,0.0007896609022282064,0.0006475204136222601,0.0008400434744544327,0.0008010896854102612,0.0005751337739638984,6.939940067240968e-05,0.0005965626914985478,0.0008005924173630774
14,0.0007143050897866488,0.0008177306735888124,0.0006658750935457647,1e-04,0.0008227195357903838,0.0008140389691106975,0.0006179878255352378,7.328044739551842e-05,0.0006320906686596572,0.0008348473929800093,0.000645184947643429,0.0007516730693168938,0.000608267670031637,0.0007790797390043736,0.0007593189366161823,0.0005446674185805023,7.276293763425201e-05,0.0005812363815493882,0.0007322177407331765
15,0.000692686764523387,0.0007857847958803177,0.000641600345261395,1e-04,0.0007900153286755085,0.0007863472565077245,0.0005833315080963075,7.173457561293617e-05,0.0005969604244455695,0.0008259444730356336,0.0006437305128201842,0.0007195029174908996,0.0005843497347086668,0.0007893305155448616,0.000695244234520942,0.0005159369320608675,7.45393117540516e-05,0.0005133849335834384,0.0007231285562738776
16,0.0006739582167938352,0.0007645940058864653,0.0006197791080921888,1e-04,0.000772035273257643,0.000772411294747144,0.0005589047796092927,7.099291542544961e-05,0.0005569237982854247,0.0007884142687544227,0.0005954200169071555,0.000676372554153204,0.000541405810508877,0.0007409222307614982,0.0006508704973384738,0.00044560397509485483,0.00010918662883341312,0.0004643028660211712,0.0006485679186880589
17,0.0006531742983497679,0.0007347999489866197,0.0005973480874672532,1e-04,0.0007467478280887008,0.0007396109285764396,0.0005211510579101741,7.080367504386231e-05,0.0005436352803371847,0.0007688619079999626,0.0005901039112359285,0.0006623661029152572,0.0005305300001055002,0.0007112793973647058,0.000665325322188437,0.00043562863720580935,6.720823876094073e-05,0.00046105022192932665,0.0006512783584184945
18,0.0006319707026705146,0.0007165831048041582,0.0005741709028370678,1e-04,0.0007194451172836125,0.0007109887083061039,0.0004998757503926754,6.708854925818741e-05,0.0005131946527399123,0.0007342206663452089,0.000578198756556958,0.0006476482376456261,0.0005324274534359574,0.000725886900909245,0.000657041382510215,0.00043324552825652063,6.471818778663874e-05,0.0004475205496419221,0.0007051604916341603
19,0.0006362548447214067,0.00071185507113114,0.0005772094009444118,1e-04,0.0007194585632532835,0.0007188916788436472,0.0004970666486769915,7.090598955983296e-05,0.0005212703254073858,0.0007419734611175954,0.0006042459863238037,0.000675332616083324,0.0005375465261749923,0.0006989133544266224,0.0006644917302764952,0.000448558566858992,7.775334233883768e-05,0.00046832056250423193,0.0006627555703744292
20,0.0006269793957471848,0.0007069314015097916,0.0005624581244774163,1e-04,0.0007002099882811308,0.00070237583713606,0.00048025534488260746,6.62429301883094e-05,0.0004940546932630241,0.000722617085557431,0.0005934573709964752,0.0006485360790975392,0.0005162254092283547,0.000681476725731045,0.0006412446382455528,0.0004180117975920439,6.453026435337961e-05,0.00044862841605208814,0.0006339177489280701
21,0.0005893006455153227,0.0006663274834863842,0.0005301015335135162,1e-04,0.0006584033253602684,0.0006675925687886775,0.00044728227658197284,6.550471880473197e-05,0.00046297788503579795,0.0006834230734966695,0.0005401826929301023,0.0006137831951491535,0.00047541374806314707,0.0006297017098404467,0.0006019025458954275,0.00037434359546750784,6.627800757996738e-05,0.0003995716106146574,0.0005775470053777099
22,0.0005937078385613859,0.0006672629970125854,0.0005370794679038227,1e-04,0.0006691461894661188,0.0006653012242168188,0.00046393609954975545,6.461274460889399e-05,0.0004717170086223632,0.0007009516120888293,0.0005419380031526089,0.0006281633395701647,0.0004840311885345727,0.0006147424574010074,0.0006067384965717793,0.000424919999204576,8.148892084136605e-05,0.0004085082618985325,0.0005657495930790901
23,0.0005755325546488166,0.0006532628322020173,0.0005160660948604345,1e-04,0.0006342155975289643,0.0006532454281114042,0.00043095985893160105,6.23527739662677e-05,0.00044540525414049625,0.0006735534407198429,0.0005137130501680076,0.0005798172205686569,0.00046235552872531116,0.000659538374748081,0.0005595738184638321,0.0003506109060253948,8.026846626307815e-05,0.0003908893559128046,0.0005644337506964803
24,0.0005843501421622932,0.0006493736291304231,0.000518644810654223,1e-04,0.0006428184569813311,0.0006500551244243979,0.00043970535625703633,6.334026693366468e-05,0.0004524076357483864,0.0006671077571809292,0.0005554660456255078,0.0006281425594352186,0.00048397117643617094,0.0006412974325940013,0.0006097131408751011,0.00039408294833265245,7.357885624514893e-05,0.0004076076438650489,0.0005618809955194592
25,0.0005567383486777544,0.0006263312534429133,0.0004921215586364269,1e-04,0.0006107416120357811,0.000616812554653734,0.00041300084558315575,5.93721961195115e-05,0.0004223738214932382,0.0006316028302535415,0.0005435687489807606,0.0006120912730693817,0.00047390421968884766,0.000618084566667676,0.0006077786674723029,0.00038058857899159193,6.330566247925162e-05,0.0003976131265517324,0.0005682031624019146
26,0.0005541354767046869,0.0006192557630129158,0.0004943700623698533,1e-04,0.0006140843033790588,0.0006194619345478714,0.00041317904833704233,6.401248538168147e-05,0.00043544155778363347,0.000635388947557658,0.0005557162221521139,0.0006079652230255306,0.00048132683150470257,0.0006413634982891381,0.0005982648581266403,0.0003773493517655879,5.6953671446535736e-05,0.0004235025553498417,0.0005894993082620203
27,0.0005322624929249287,0.0006070634117349982,0.00047897716285660863,1e-04,0.0005907121812924743,0.0006048544310033321,0.00039788667345419526,6.234723696252331e-05,0.00041363033233210444,0.0006230605067685246,0.0005430413875728846,0.0006023809546604753,0.0004728903586510569,0.0006230602157302201,0.0005989048513583839,0.0003776460071094334,6.093737465562299e-05,0.00039741009823046625,0.0005797419580630958
28,0.0005322858924046159,0.0006028391653671861,0.00047507337876595557,1e-04,0.0006061041494831443,0.0005973716033622622,0.0003934781125281006,6.029768701409921e-05,0.0003993542050011456,0.0006088574300520122,0.0005181889864616096,0.0005635764100588858,0.00044975909986533225,0.0006060871528461576,0.0005710192490369081,0.00035975020728074014,6.216250767465681e-05,0.0003689657023642212,0.0005483226850628853
29,0.0005194792756810784,0.0005792256561107934,0.0004640630504582077,1e-04,0.0005754719022661448,0.0005851408350281417,0.0003833377850241959,5.8236084441887215e-05,0.0004004815127700567,0.0006111336406320333,0.0004947162815369666,0.0005563925369642675,0.00044346004142425954,0.0006073269178159535,0.0005632810643874109,0.0003603370569180697,7.494809688068926e-05,0.00038107894943095744,0.0005095988744869828
30,0.0005022836267016828,0.0005683558410964906,0.0004485350800678134,1e-04,0.0005636161076836288,0.000567787152249366,0.0003712147590704262,5.7289438700536266e-05,0.0003823941224254668,0.0005753405275754631,0.0005026811850257218,0.000535211933311075,0.0004323808243498206,0.0005880790413357317,0.0005348994745872915,0.00034851135569624603,5.562777369050309e-05,0.0003735035425052047,0.0005205319612286985
31,0.00048220998723991215,0.0005568151827901602,0.00043585815001279116,1e-04,0.0005432756734080613,0.0005556594114750624,0.0003526705550029874,5.6073600717354566e-05,0.00037482980405911803,0.0005653288098983467,0.0005227436777204275,0.0005547452019527555,0.000453226180979982,0.0006351482588797808,0.0005577149568125606,0.0003589110274333507,5.260078614810482e-05,0.00040244293631985784,0.000541502726264298
32,0.000494799402076751,0.0005584401660598814,0.0004442507342901081,1e-04,0.0005625454941764474,0.0005598274292424321,0.00036644504871219397,5.850514935445972e-05,0.00038621455314569175,0.0005672274855896831,0.00048111702199094,0.000540297303814441,0.0004246261378284544,0.0005499665276147425,0.0005523636937141418,0.00035676630795933306,5.5812801292631775e-05,0.0003721099637914449,0.0004885751404799521
33,0.00047597757657058537,0.0005463946727104485,0.00042998421122319996,1e-04,0.0005532559589482844,0.000542672467418015,0.00034885131753981113,5.314942973200232e-05,0.0003692937607411295,0.0005502785788848996,0.0004965660045854747,0.0005463341949507594,0.00042903044959530234,0.0005399826914072037,0.0005457582883536816,0.000344457890605554,6.631798896705732e-05,0.0003761732077691704,0.0005166529444977641
34,0.00048337766202166677,0.0005420474335551262,0.0004337536811362952,1e-04,0.0005457521765492857,0.000536339997779578,0.00036420286050997674,5.179371146368794e-05,0.0003810269117821008,0.0005654883570969105,0.0004744215402752161,0.0005099239060655236,0.00040667084977030754,0.0005666579818353057,0.0004971786984242499,0.00033389340387657285,5.4679523600498214e-05,0.0003504575288388878,0.0004661541897803545
35,0.0004750777152366936,0.0005467549781315029,0.00042844514246098697,1e-04,0.0005472822231240571,0.0005416728090494871,0.00035533655318431556,5.378868809202686e-05,0.0003633755841292441,0.0005442738765850663,0.0004609570314642042,0.0005235760472714901,0.00041841616621240973,0.0005417530774138868,0.0005430470919236541,0.0003340870316606015,6.597969331778586e-05,0.0003772488562390208,0.0005006805877201259
36,0.0004663905128836632,0.0005294543807394803,0.00042068384937010705,1e-04,0.0005347183905541897,0.0005241863545961678,0.0003439972933847457,5.492276613949798e-05,0.00036820583045482635,0.0005435962812043726,0.00043955445289611816,0.0004962423699907959,0.0003855997638311237,0.0005268316599540412,0.0004771426320075989,0.0002929804613813758,5.891432738280855e-05,0.0003291444154456258,0.00046398775884881616
37,0.0004507624835241586,0.000512606929987669,0.00040444621117785573,1e-04,0.0005074340151622891,0.0005180550506338477,0.0003341286501381546,4.940723374602385e-05,0.0003465743793640286,0.0005166007322259247,0.00046643585665151477,0.00052247493294999,0.00041078118374571204,0.0005266846856102347,0.0005060277762822807,0.0003559958131518215,5.226655048318207e-05,0.0003429146308917552,0.0005134488455951214
38,0.0004745891783386469,0.000529981276486069,0.0004212906351312995,1e-04,0.0005344038945622742,0.0005312527646310627,0.00035286397906020284,5.074372893432155e-05,0.0003632743319030851,0.0005332160508260131,0.0004537064814940095,0.0005178884603083134,0.0004108103457838297,0.0005336538306437433,0.000502247188705951,0.0003308759769424796,5.74956284253858e-05,0.0003724831040017307,0.0005181318265385926
39,0.00044589454773813486,0.0005154192331247032,0.000407395331421867,1e-04,0.0005172009114176035,0.0005113511579111218,0.0003361561393830925,5.4303902288665995e-05,0.0003589837288018316,0.0005198539001867175,0.00041607889579609036,0.00048259421600960195,0.00037350523052737117,0.0005100923590362072,0.00045165978372097015,0.00030009052716195583,4.964029722032137e-05,0.00033046622411347926,0.0004474192392081022
40,0.000431182881584391,0.000484578893519938,0.0003881747543346137,1e-04,0.0005076475790701807,0.0004915420431643724,0.00031844567274674773,5.226612483966164e-05,0.0003286326536908746,0.000491101760417223,0.000417873467085883,0.0004779558221343905,0.00036742264637723565,0.0005112699582241476,0.00044828339014202356,0.000292737822746858,6.104493513703346e-05,0.00029776422888971865,0.0004324515466578305
41,0.0004426228697411716,0.000500065041705966,0.0003971000260207802,1e-04,0.0005054676439613104,0.0004996599745936692,0.00033219403121620417,4.8397410864708945e-05,0.00034636486088857055,0.0005020286189392209,0.0004359544545877725,0.0004847304953727871,0.0003994297294411808,0.0005646454519592226,0.0004965537809766829,0.0003363299183547497,6.225852848729119e-05,0.0003593617584556341,0.00045560329454019666
42,0.00043896480929106474,0.0004983715480193496,0.0003928849473595619,1e-04,0.0005090442136861384,0.0004950000438839197,0.00031399057479575276,5.022879850002937e-05,0.0003394527011550963,0.0004980280064046383,0.00041076025809161365,0.00046907257637940347,0.00036708181141875684,0.0004988997825421393,0.00048187992069870234,0.000293186167255044,4.8193414841080084e-05,0.0003086796496063471,0.00042598298750817776
43,0.0004412273701746017,0.000501550966873765,0.0003960627655033022,1e-04,0.0005028583691455424,0.0004957928322255611,0.0003262710524722934,4.7750669182278216e-05,0.00034832448000088334,0.0005047260783612728,0.000456156994914636,0.0005075749359093606,0.000400901073589921,0.0005517661920748651,0.0004949692520312965,0.00032455837936140597,5.936647721682675e-05,0.00036236297455616295,0.00045045342994853854
44,0.00041764919296838343,0.000483134004753083,0.0003818033146671951,1e-04,0.0004912114818580449,0.0004795998102054,0.00031796927214600146,5.159771899343468e-05,0.0003344888973515481,0.00047877419274300337,0.00045275987940840423,0.0004855735460296273,0.0003806299064308405,0.0005240680766291916,0.000464513897895813,0.00031232114997692406,4.9367536121280864e-05,0.00032355208531953394,0.0004328831855673343
45,0.00041682898881845176,0.0004694291565101594,0.0003739527892321348,1e-04,0.0004974580369889736,0.000470686296466738,0.00030360693926922977,4.543527029454708e-05,0.00031536229653283954,0.00047281570732593536,0.0004381512408144772,0.0004866461385972798,0.00039628875674679875,0.0005405975971370935,0.0004831765254493803,0.00032702001044526696,4.8598343710182235e-05,0.0003415154351387173,0.0005046043661423028
46,0.0004309209471102804,0.0004883169895038009,0.0003895487170666456,1e-04,0.0004966948763467371,0.0004809153324458748,0.00033155735582113266,4.998651274945587e-05,0.0003463314787950367,0.0004916673060506582,0.000481181574286893,0.0005156100960448384,0.00042303832015022635,0.0005298545002005994,0.0005155944381840527,0.00037855151458643377,5.377459092414938e-05,0.0004109022265765816,0.0004988379660062492
47,0.0004251844366081059,0.0004901962238363922,0.00038276531267911196,1e-04,0.0004948692512698472,0.0004856918822042644,0.00031770148780196905,4.65075827378314e-05,0.00032138809910975397,0.0004805849166586995,0.00040117395110428333,0.000451766507467255,0.0003653482999652624,0.0004941353108733892,0.00044885356328450143,0.00030167485238052905,4.884957161266357e-05,0.0003295094647910446,0.0004468228726182133
48,0.00041480493382550776,0.00046981233754195273,0.00037495314609259367,1e-04,0.0004799153539352119,0.0004723320889752358,0.00030778051586821675,4.5592467358801514e-05,0.0003285723505541682,0.00048081603017635643,0.0004025082744192332,0.00046352396020665765,0.0003691627935040742,0.0004947934648953378,0.0004653249925468117,0.0002970401255879551,4.512620944296941e-05,0.00032841390930116177,0.0004565710842143744
49,0.0004289234057068825,0.0004839779867324978,0.00038285431219264865,1e-04,0.0004988189321011305,0.000478036847198382,0.00031272522755898535,4.893876757705584e-05,0.00033235695445910096,0.000479057285701856,0.00043243978871032596,0.00048771206638775766,0.00037086434895172715,0.0005290894769132137,0.0004737773269880563,0.0002753836160991341,5.44476970389951e-05,0.00029658328276127577,0.0004174817295279354
50,0.0004128524160478264,0.00047535941121168435,0.0003787668829318136,1e-04,0.00048626508214510977,0.0004723749589174986,0.00031673291232436895,4.7904592065606266e-05,0.00033835668000392616,0.0004802883486263454,0.0003819327394012362,0.0004352741816546768,0.0003433370147831738,0.0004581922839861363,0.00043391308281570673,0.0002715069567784667,4.6825942263239995e-05,0.0003064944758079946,0.0004125562554690987
51,0.00040259023080579937,0.00046469777589663863,0.00036901506246067584,1e-04,0.0004707076004706323,0.0004621515399776399,0.00030506716575473547,5.0955066399183124e-05,0.000321992818498984,0.0004739580035675317,0.0004105420666746795,0.00046418822603300214,0.0003640318172983825,0.0005022691329941154,0.00044417244498617947,0.00027768214931711555,4.530396108748391e-05,0.00030700929346494377,0.000461087329313159
52,0.0003999468171969056,0.00045579715515486896,0.0003597300383262336,1e-04,0.00047801248729228973,0.00045127421617507935,0.000289340503513813,4.1834533476503566e-05,0.00031684766872785985,0.00044478700147010386,0.0003643530362751335,0.00044277889537625015,0.0003443292807787657,0.0004655314842239022,0.00042378221405670047,0.0002770568826235831,4.81368915643543e-05,0.00030441160197369754,0.00042858338565565646
53,0.00039062779978848994,0.00044659001287072897,0.0003576856106519699,1e-04,0.00046231289161369205,0.0004406356019899249,0.00029423710657283664,4.742122837342322e-05,0.00031783260055817664,0.0004618280509021133,0.000386035128030926,0.00045070325722917914,0.00034913941635750234,0.0004741881275549531,0.00042147532803937793,0.0002759808558039367,5.1338727644179016e-05,0.0003117903834208846,0.0004216035013087094
54,0.0003895925765391439,0.00046172141446731985,0.0003568455285858363,1e-04,0.0004674168594647199,0.00044662554864771664,0.000287908420432359,4.8393922043032944e-05,0.00030601301114074886,0.00044709176290780306,0.0004052913864143193,0.000456848181784153,0.0003566281229723245,0.0004665320157073438,0.0004478212504182011,0.0002981201687362045,4.202845229883678e-05,0.0003081792965531349,0.0004282043664716184
55,0.00036334016476757824,0.0004263931477908045,0.00033987441565841436,1e-04,0.000441963376943022,0.0004234525258652866,0.0002759725321084261,4.231447383062914e-05,0.00029516895301640034,0.0004503907694015652,0.0003965380310546607,0.0004680550191551447,0.0003566122322808951,0.00048174409312196076,0.0004297794948797673,0.0003096847503911704,4.585626084008254e-05,0.00030635297298431396,0.0004148870939388871
56,0.0003975761937908828,0.00044062233064323664,0.00035537569783627987,1e-04,0.0004586571594700217,0.0004412537382449955,0.000292370212264359,4.8826543206814677e-05,0.0003111033292952925,0.00045259538455866277,0.00039767572889104486,0.00044811508269049227,0.00035427670809440315,0.0004977573989890516,0.00044317165156826377,0.0002827135904226452,4.375233038445003e-05,0.00030930116190575063,0.00041172688361257315
57,0.00039642173214815557,0.00045606883941218257,0.00035770650720223784,1e-04,0.0004591715696733445,0.00044562030234374106,0.0002959206176456064,4.4487369450507686e-05,0.0003131787816528231,0.00045078180846758187,0.0004075189644936472,0.0004478883056435734,0.0003613426233641803,0.0004932566080242395,0.00043445522896945477,0.0002979155979119241,4.503561285673641e-05,0.0003188085975125432,0.0004458623589016497
58,0.00038654726813547313,0.00044151247129775584,0.00035251385997980833,1e-04,0.0004499515634961426,0.00043955809087492526,0.0002867590228561312,4.489967250265181e-05,0.00031614076578989625,0.0004547417629510164,0.0004023777146358043,0.0004411583358887583,0.00034937114105559886,0.0004899345221929252,0.0004120579978916794,0.000276295468211174,4.957730197929777e-05,0.0002951239002868533,0.00042844368726946414
59,0.00038092254544608295,0.00044533758773468435,0.0003488129877950996,1e-04,0.00044947912101633847,0.0004315580299589783,0.00028712194762192667,4.70681261504069e-05,0.0003044583136215806,0.00044455789611674845,0.00042530728387646377,0.0004653589567169547,0.00037007551873102784,0.0005042317789047956,0.00046589455450885,0.00029537678346969187,4.267833355697803e-05,0.0003334472712595016,0.00042830893653444946
60,0.00037298977258615196,0.0004206745361443609,0.0003367639728821814,1e-04,0.000447390484623611,0.0004184530407655984,0.0002764902892522514,3.988320895587094e-05,0.0002926950983237475,0.0004255353705957532,0.00036417701630853117,0.00040996979805640876,0.00032688715145923197,0.00045314308954402804,0.0003939859743695706,0.0002435895730741322,5.2298233640613034e-05,0.0002861355897039175,0.0004117976932320744
61,0.00037941065966151655,0.00043991178972646594,0.0003461154119577259,1e-04,0.00044860743219032884,0.00043038063449785113,0.0002863783447537571,4.393547715153545e-05,0.00030126707861199975,0.0004390306130517274,0.0003884377656504512,0.0004454930021893233,0.00034071618574671447,0.0004945216351188719,0.00041392238927073777,0.00027306651463732123,4.218271351419389e-05,0.00028904498321935534,0.00037906033685430884
62,0.00037284783320501447,0.00043444932089187205,0.00034234512713737786,1e-04,0.0004481837968342006,0.0004265395982656628,0.00027814655913971364,4.838353197555989e-05,0.000297215417958796,0.00043299506069161,0.0003644517855718732,0.00038548430893570185,0.00031528895488008857,0.0004615969373844564,0.00037137477193027735,0.00024064985336735845,5.313180008670315e-05,0.00027962299645878375,0.0003659989743027836
63,0.0003596919123083353,0.0004202259297017008,0.0003323100972920656,1e-04,0.0004393055569380522,0.0004177242808509618,0.00026893167523667216,3.825427120318636e-05,0.00028911069966852665,0.00042523746378719807,0.0003515738935675472,0.0004097688652109355,0.0003132572746835649,0.0004107636050321162,0.0003849001368507743,0.0002381277154199779,4.529968646238558e-05,0.0002796327753458172,0.00038599176332354546
64,0.00035692323581315577,0.0004187047015875578,0.00032975838985294104,1e-04,0.0004305739712435752,0.00041365233482792974,0.00027072534430772066,4.19196549046319e-05,0.0002882185217458755,0.00041734971455298364,0.0003770156763494015,0.0004317493294365704,0.00033547700149938464,0.00047023521619848907,0.00040791588253341615,0.00024741244851611555,5.068666723673232e-05,0.0002960770216304809,0.00040272381738759577
65,0.0003668716235551983,0.00042395989294163883,0.0003351553459651768,1e-04,0.00044599498505704105,0.00041654761298559606,0.00027315394254401326,4.160916432738304e-05,0.00028977400506846607,0.0004233319777995348,0.00040374594391323626,0.00043851215741597116,0.00034444479388184845,0.0005070654442533851,0.0004390388785395771,0.0002711988054215908,4.1525825508870184e-05,0.0002781825023703277,0.0003762888954952359
66,0.000358325574779883,0.00041150875040329993,0.0003285075363237411,1e-04,0.0004270882927812636,0.00041262645390816033,0.0002667967928573489,4.37494927609805e-05,0.0002862558467313647,0.0004217090900056064,0.00036752232699654996,0.0004306898918002844,0.00032228740747086704,0.00047695133253000677,0.00039421464316546917,0.00022880379401613027,4.537562926998362e-05,0.0002708129759412259,0.00036392881884239614
67,0.0003588409745134413,0.0004195837245788425,0.00033302593510597944,1e-04,0.00043652256135828793,0.00041223454172722995,0.0002801018417812884,3.9640053728362545e-05,0.00029379184707067907,0.0004234920779708773,0.00035855965688824654,0.000420163240050897,0.00032845130772329867,0.00044625173904933035,0.00039398259832523763,0.0002703409409150481,4.394137431518175e-05,0.0002915512304753065,0.0004028199182357639
68,0.0003612840664573014,0.0004168966843280941,0.0003271645400673151,1e-04,0.00042903958819806576,0.0004103250103071332,0.0002692978596314788,3.799919431912713e-05,0.0002845328126568347,0.00040794163942337036,0.00033454125514253974,0.00039539142744615674,0.000308062881231308,0.0004263810988049954,0.0003800723352469504,0.0002468536840751767,4.566651477944106e-05,0.0002677119045984,0.00036788484430871904
69,0.0003656610497273505,0.00041567397420294583,0.0003338042297400534,1e-04,0.00043063602061010897,0.0004172010230831802,0.0002730400301516056,4.187259037280455e-05,0.000298114464385435,0.0004282346344552934,0.0003721076063811779,0.00043635652400553226,0.0003416392719373107,0.00044848621473647654,0.0004178966919425875,0.0002904837892856449,4.406247899169102e-05,0.00030421241535805166,0.00041950822924263775
70,0.0003456170961726457,0.00041064497781917453,0.00032113055931404233,1e-04,0.0004211161576677114,0.00040016017737798393,0.0002640889142639935,4.186145088169724e-05,0.00028239074163138866,0.0004031639837194234,0.0003414094098843634,0.00041245747706852853,0.00031338437111116946,0.00044009153498336673,0.00037052048719488084,0.00023269183293450624,3.885944533976726e-05,0.00027614779537543654,0.00039489686605520546
71,0.0003523935447447002,0.0004048499104101211,0.0003196455945726484,1e-04,0.0004286853363737464,0.0003969888493884355,0.0002527521282900125,4.238751716911793e-05,0.0002742754586506635,0.000404831807827577,0.00038100415258668363,0.0004286099865566939,0.00032901353552006185,0.0004667000030167401,0.0003895919944625348,0.00026555772637948394,4.001310662715696e-05,0.00029524826095439494,0.0003653827589005232
72,0.00034729932667687535,0.00040921021718531847,0.00032153341453522444,1e-04,0.00041464067180640996,0.00040251549216918647,0.00025680658291094005,4.1986819269368425e-05,0.00028293475043028593,0.00041687264456413686,0.0003512605035211891,0.00039678672328591347,0.000307102978695184,0.0004302861634641886,0.0003618893097154796,0.00023403162776958197,5.138912456459366e-05,0.00027187520754523575,0.0003593052097130567
73,0.00034233444603160024,0.0003939857706427574,0.0003142499481327832,1e-04,0.0004226114833727479,0.0003920476883649826,0.0002601846354082227,3.4862725442508236e-05,0.0002756653993856162,0.0003923084295820445,0.0003666099510155618,0.00041703079477883875,0.00032487991848029196,0.00046337684034369886,0.0004113097384106368,0.0002596619015093893,4.1258608689531684e-05,0.00027223993674851954,0.00036755140172317624
74,0.00034011670504696667,0.0004033190489280969,0.0003147039969917387,1e-04,0.00041799593600444496,0.00039006437873467803,0.00025732372887432575,3.9040111005306244e-05,0.00026951750623993576,0.00040025412454269826,0.0003553895221557468,0.0004222801944706589,0.0003180095227435231,0.00046562551870010793,0.00038459524512290955,0.0002632987161632627,3.793642463278957e-05,0.0002610791416373104,0.00035387149546295404
75,0.0003444920585025102,0.00040089391404762864,0.0003172553260810673,1e-04,0.0004177543451078236,0.0003874936664942652,0.00025860872119665146,4.037885446450673e-05,0.0002785805845633149,0.00040983964572660625,0.00034313235664740205,0.00039471936179324985,0.0003082427429035306,0.000442709046183154,0.000364257168257609,0.00024760415544733405,4.3882708268938586e-05,0.0002749258419498801,0.0003547112282831222
76,0.0003297647926956415,0.0003891294763889164,0.00030740280635654926,1e-04,0.0004057635087519884,0.00038008077535778284,0.00025005408679135144,3.896971611538902e-05,0.0002700034820009023,0.00039545688196085393,0.00041535202763043344,0.0004707805346697569,0.0003576332819648087,0.00046630753786303103,0.0004308680072426796,0.0002970300556626171,4.101552622159943e-05,0.0003149519907310605,0.0004247605975251645
77,0.0003497017896734178,0.000408364983741194,0.00032282728352583945,1e-04,0.0004204811411909759,0.0004023347864858806,0.0002596096892375499,3.6990684748161584e-05,0.0002877297520171851,0.00041740573942661285,0.0003598990442696959,0.00041996530489996076,0.0003194626478943974,0.00042965641478076577,0.0003781486884690821,0.00025175619521178305,4.195391375105828e-05,0.00028695358196273446,0.0003873678797390312
78,0.000329073634929955,0.00038515625055879354,0.000305519177345559,1e-04,0.00038906585541553795,0.0003777246456593275,0.0002487994497641921,4.141099634580314e-05,0.0002731019339989871,0.000399820419261232,0.00032016317709349096,0.000397868367144838,0.00028628238942474127,0.0003847456828225404,0.00032978635863400996,0.00021890708012506366,4.3702631955966353e-05,0.00024815581855364144,0.0003469301445875317
79,0.00035792082780972123,0.0004135161580052227,0.00032577000092715025,1e-04,0.00042831330210901797,0.0004104269901290536,0.0002736863389145583,3.5904075048165396e-05,0.00028177216881886125,0.00040461894241161644,0.00035643973387777805,0.0004207493329886347,0.000316378369461745,0.0004328656359575689,0.0003901851596310735,0.00025758385891094804,4.069174246978946e-05,0.00026593575603328645,0.00036657563759945333
80,0.0003209780261386186,0.00037900119787082076,0.00030058578704483807,1e-04,0.00040111583075486124,0.00036374677438288927,0.00024733980535529554,3.7261717807268724e-05,0.00026369374245405197,0.0003915487905032933,0.00036136238486506045,0.0004088484856765717,0.00031511540873907506,0.00044944474939256907,0.00038426826358772814,0.00024887299514375627,3.5463919630274177e-05,0.0002776716719381511,0.0003549906250555068
81,0.00033075979445129633,0.0003877042909152806,0.0003051180683542043,1e-04,0.000405834405682981,0.00038187799509614706,0.0002468355232849717,3.680556619656272e-05,0.00026757331215776503,0.00038355306605808437,0.00036882353015244007,0.0004157555231358856,0.0003191739378962666,0.0004603652923833579,0.0003810142807196826,0.0002463031269144267,3.927660873159766e-05,0.00027311290614306927,0.00036874046782031655
82,0.0003404113231226802,0.0003983233473263681,0.00031494221184402704,1e-04,0.0004093635070603341,0.00038709508953616023,0.00025542816729284823,3.944095806218684e-05,0.00027892316575162113,0.00041055213660001755,0.00032097232178784907,0.0003615219611674547,0.00028808796196244657,0.00039357063360512257,0.0003601135977078229,0.0002260644396301359,4.089830326847732e-05,0.0002662023762241006,0.0003353601205162704
83,0.00032939997618086636,0.00038153669447638094,0.0003007689374499023,1e-04,0.0003972121048718691,0.00037932395935058594,0.00024328315339516848,3.5250330256531015e-05,0.00026226439513266087,0.000377881369786337,0.00033300701761618257,0.00037399533903226256,0.0002943027066066861,0.0004008949326816946,0.00036296810139901936,0.0002418840304017067,4.187222657492384e-05,0.00025483890203759074,0.00034496103762649
84,0.00034203880932182074,0.00038224353920668364,0.00031204064725898206,1e-04,0.0004172326298430562,0.00038155567017383873,0.00025456323055550456,4.077677658642642e-05,0.00027961545856669545,0.0003982989874202758,0.0003856968251056969,0.00043017073767259717,0.00032917968928813934,0.0004559398512355983,0.000389928522054106,0.00024243572261184454,3.337058660690673e-05,0.000294746074359864,0.0004011490673292428
85,0.00032039612415246665,0.00037605446414090693,0.00029868382262066007,1e-04,0.00039468510658480227,0.00037337924004532397,0.00024360869429074228,3.5140990803483874e-05,0.00025982019724324346,0.00038638588739559054,0.0003136493905913085,0.00036657965392805636,0.0002873514895327389,0.0004065317625645548,0.000338120327796787,0.00021290045697242022,4.820298636332154e-05,0.0002550280187278986,0.00035779946483671665
86,0.000323888030834496,0.000373312272131443,0.0002985495375469327,1e-04,0.0003983127244282514,0.00036602321779355407,0.00024352777109015733,3.8188070902833715e-05,0.0002601911255624145,0.0003849527856800705,0.00031874707201495767,0.0003681880480144173,0.0002837101637851447,0.0003954940184485167,0.0003469037765171379,0.00021967614884488285,3.595801172195934e-05,0.00024253355513792485,0.00034218054497614503
87,0.00030508049530908465,0.000357552693458274,0.0002881452383007854,1e-04,0.000387180014513433,0.0003609068226069212,0.00023113431234378368,3.8440488424384966e-05,0.0002487005549483001,0.0003761668922379613,0.00034448696533218026,0.00041171637712977827,0.0003155894228257239,0.000416972121456638,0.00036764389369636774,0.0002657002187334001,4.1318151488667354e-05,0.00029054589685983956,0.0003863315796479583
88,0.00032625364838168025,0.0003791278868447989,0.000298013212159276,1e-04,0.00039463891880586743,0.0003718918305821717,0.0002459011448081583,3.897802525898442e-05,0.0002595805563032627,0.00036773376632481813,0.0003094634448643774,0.00038327634683810174,0.0002860905951820314,0.00040638152859173715,0.0003518437151797116,0.0002211290702689439,3.3204258215846494e-05,0.0002444653946440667,0.0003389609919395298
89,0.00031847244827076793,0.00037983671063557267,0.0003009428910445422,1e-04,0.0003944610361941159,0.00037796091055497527,0.00025010821991600096,3.626849502325058e-05,0.0002666512446012348,0.00038378447061404586,0.0003396673419047147,0.000396518997149542,0.0003055175766348839,0.00043103794450871646,0.00036498121335171163,0.0002495821681804955,4.687638283940032e-05,0.000261041073827073,0.00035443532397039235
90,0.0003216160403098911,0.00037979960325174034,0.00029924168484285474,1e-04,0.0003925378550775349,0.0003710105665959418,0.0002438783849356696,3.596996612031944e-05,0.00026101316325366497,0.00038810790283605456,0.00036905251909047365,0.0004214800719637424,0.00032041940721683204,0.00043139199260622263,0.0003844805178232491,0.0002638731384649873,4.0452316170558333e-05,0.00027156833675689995,0.0003810561611317098
91,0.0003137174644507468,0.0003556393785402179,0.000287982082227245,1e-04,0.00037517905002459884,0.00035933085018768907,0.0002390327281318605,3.50751361111179e-05,0.00025589557480998337,0.0003699868102557957,0.00034400587901473045,0.00039017124800011516,0.00031300244154408574,0.00045146679622121155,0.0003629965940490365,0.0002373158495174721,4.763459219248034e-05,0.0002842719841282815,0.0003861568693537265
92,0.00031157105695456266,0.0003622565418481827,0.00029127218294888735,1e-04,0.0003951186954509467,0.0003608914848882705,0.00023422023514285684,3.7471454561455175e-05,0.00025098901824094355,0.0003776592784561217,0.0003597143804654479,0.0004044210072606802,0.0003169046249240637,0.00044366539805196226,0.00039259184268303216,0.0002696084848139435,4.522363451542333e-05,0.0002680401084944606,0.0003519719175528735
93,0.0002991279470734298,0.0003561972116585821,0.0002835389459505677,1e-04,0.0003777318343054503,0.00035029088030569255,0.00023052809410728514,3.3810505556175485e-05,0.00024863440194167197,0.0003719900269061327,0.0003525294305291027,0.0004225342418067157,0.0003128834068775177,0.00042321463115513325,0.00035130197647958994,0.0002527086471673101,5.2526524086715654e-05,0.00027618720196187496,0.00037206453271210194
94,0.0003019972937181592,0.00035071599995717406,0.00028289188048802316,1e-04,0.00037936161970719695,0.00035276878043077886,0.00022183214605320245,3.5869750718120486e-05,0.0002494229993317276,0.0003711660683620721,0.000327518762787804,0.00039398091030307114,0.0002926411689259112,0.00040168638224713504,0.0003462359309196472,0.00023217695706989616,3.6797882785322145e-05,0.00026572824572212994,0.0003370041085872799
95,0.00030826759757474065,0.00036170362727716565,0.0002876683429349214,1e-04,0.0003781982813961804,0.00035721799940802157,0.00023610451899003237,3.640098657342605e-05,0.00025544376694597304,0.00036801022361032665,0.00035957503132522106,0.000398702803067863,0.00031097899773158133,0.00043635000474750996,0.0003722730034496635,0.00024762979592196643,4.4371263356879354e-05,0.00026717493892647326,0.00036175493733026087
96,0.00031382220913656056,0.0003590614360291511,0.000288861570879817,1e-04,0.00037822668673470616,0.00035770691465586424,0.00024117931025102735,3.567100429791026e-05,0.0002555668179411441,0.00036965866456739604,0.00033851087209768593,0.0003893343382515013,0.0002946755848824978,0.0004112324968446046,0.0003606041718740016,0.00023289014643523842,2.9283306503202766e-05,0.0002519879781175405,0.0003435614053159952
97,0.0002957466640509665,0.00035476210177876055,0.00027942744782194495,1e-04,0.0003758195089176297,0.00034940140903927386,0.00022457458544522524,3.401528738322668e-05,0.0002425406128168106,0.00035855945316143334,0.0003405727620702237,0.00039300377829931676,0.00030463095754384995,0.0004316769482102245,0.00037976456223987043,0.0002431130997138098,4.301337321521714e-05,0.00024312293680850416,0.00036278017796576023
98,0.00029284434276632965,0.00034214294282719493,0.0002728740801103413,1e-04,0.0003666881821118295,0.00034956206218339503,0.00021832344646099955,3.231630762456916e-05,0.00023491430329158902,0.00034620054066181183,0.0003486877540126443,0.0004087340203113854,0.00031805745675228536,0.00044369991519488394,0.0003731300530489534,0.00027044754824601114,3.5089502489427105e-05,0.00029093827470205724,0.000373732706066221
99,0.0002904100401792675,0.0003405385068617761,0.0002711165288928896,1e-04,0.0003599068440962583,0.00033602354233153164,0.00022003946651238948,3.661669325083494e-05,0.00023900817905087024,0.00034638907527551055,0.0003299071395304054,0.00037634867476299405,0.00028668579761870205,0.0004087755805812776,0.0003403352457098663,0.00021782417024951428,3.5709246731130406e-05,0.00025201294920407236,0.0003325731959193945
100,0.0003001089207828045,0.0003546740917954594,0.00028317858232185245,1e-04,0.00038112123729661107,0.00034808230702765286,0.00023025508562568575,3.2674175599822775e-05,0.00024815055076032877,0.000370363297406584,0.0003346760058775544,0.0003652295854408294,0.00029733526753261685,0.00042686061351560056,0.0003524864441715181,0.00023035999038256705,3.744456989807077e-05,0.00027764771948568523,0.0003539769968483597
101,0.00027830328326672316,0.00034020590828731656,0.00026753038400784135,1e-04,0.00036079681012779474,0.00034007287467829883,0.00021258251217659563,3.144704533042386e-05,0.00023030079319141805,0.0003465338668320328,0.0004010795964859426,0.00046629688586108387,0.0003599514893721789,0.0004863759968429804,0.0004171729669906199,0.00029913056641817093,3.5677574487635866e-05,0.00033907793113030493,0.0004348005459178239
102,0.00030996440909802914,0.0003553678106982261,0.0002854553749784827,1e-04,0.0003819182747974992,0.00034376748953945935,0.00024007544561754912,3.638989073806442e-05,0.00025429538800381124,0.00036186378565616906,0.00033312951563857496,0.00040510567487217486,0.0002998781274072826,0.00040796250686980784,0.00036883275606669486,0.0002579201536718756,4.087714842171408e-05,0.0002454119676258415,0.0003397855325601995
103,0.00027857531677000225,0.00032583135180175304,0.0002654154959600419,1e-04,0.00035709142684936523,0.0003292415349278599,0.0002145160106010735,3.602825017878786e-05,0.00023345787485595793,0.0003485829511191696,0.000360667472705245,0.00041472911834716797,0.00032109845778904855,0.00043156513129360974,0.0003924736811313778,0.0002787348348647356,4.206100493320264e-05,0.00029766024090349674,0.0003508960362523794
104,0.0002937174285762012,0.0003424450405873358,0.00027295565814711154,1e-04,0.00036487329634837806,0.00033681411878205836,0.00021989952074363828,3.400410423637368e-05,0.0002407315041637048,0.0003511602117214352,0.00033944842289201915,0.0003997105814050883,0.0002935501397587359,0.00041087958379648626,0.0003457901766523719,0.0002308139082742855,3.7622201489284635e-05,0.0002557149273343384,0.0003284212143626064
105,0.0002951179922092706,0.00035033325548283756,0.00027491117361932993,1e-04,0.0003657003107946366,0.000345975422533229,0.0002216868888353929,3.480855957604945e-05,0.00023497978691011667,0.00035068756551481783,0.000360456935595721,0.0004032576980534941,0.0003085386997554451,0.0004191594780422747,0.00036759773502126336,0.0002523485163692385,4.144007107242942e-05,0.00026573389186523855,0.00035831547575071454
106,0.00028645183192566037,0.0003393436491023749,0.00026926843565888703,1e-04,0.0003603117074817419,0.0003313388442620635,0.00021914433455094695,3.259945151512511e-05,0.00024291445151902735,0.0003420431457925588,0.0003051726089324802,0.00037255746428854764,0.0002799742214847356,0.00039409275632351637,0.00033170514507219195,0.00021756350179202855,3.552546331775375e-05,0.00024601537734270096,0.00033716150210238993
107,0.0002882725093513727,0.0003399093693587929,0.0002702814235817641,1e-04,0.00036756761255674064,0.00033725163666531444,0.0002160271687898785,3.1190957088256255e-05,0.00022976691252551973,0.00035226609907113016,0.0003451848460827023,0.00040290813194587827,0.00031601637601852417,0.00041463025263510644,0.0003796454693656415,0.00026074485504068434,4.209994222037494e-05,0.0003011398948729038,0.0003817773249465972
108,0.0002993756497744471,0.0003484102198854089,0.00028042151825502515,1e-04,0.0003622669028118253,0.0003509002272039652,0.0002333589072804898,3.3241532946703956e-05,0.0002553776721470058,0.0003604410158004612,0.00030956859700381756,0.00036178124719299376,0.00027618513558991253,0.0003613817098084837,0.000320877181366086,0.00022293451183941215,3.255783303757198e-05,0.00025431535323150456,0.0003460645384620875
109,0.0002966885513160378,0.0003532356349751353,0.0002771943691186607,1e-04,0.0003650276339612901,0.00034248444717377424,0.00022933055879548192,3.443551395321265e-05,0.00024092785315588117,0.0003554250579327345,0.0002792445884551853,0.00034661503741517663,0.00026094651548191905,0.0003671872545965016,0.0003039794391952455,0.00020221345766913146,3.266210114816204e-05,0.0002359630452701822,0.0003197073529008776
110,0.0002723919169511646,0.00032344256760552526,0.00025713047944009304,1e-04,0.00033247494138777256,0.00031961186323314905,0.00021069924696348608,3.134498911094852e-05,0.00023141477140598,0.00033566312049515545,0.00028511707205325365,0.0003357473760843277,0.0002667043299879879,0.00037441265885718167,0.0003394977538846433,0.00021560747700277716,3.4110609703930095e-05,0.00023845686519052833,0.0003106846415903419
111,0.0002925011212937534,0.0003412097576074302,0.00027163722552359104,1e-04,0.00036070268834009767,0.0003338194510433823,0.00022424678900279105,2.8837906938861124e-05,0.0002400035155005753,0.000351776514435187,0.00037914846325293183,0.000434257322922349,0.00032674812246114016,0.00045156179112382233,0.00038380964542739093,0.0002869573945645243,3.87598920497112e-05,0.0002838981745298952,0.00035559237585403025
112,0.00027942092856392264,0.0003380412235856056,0.00026487710420042276,1e-04,0.00034819048596546054,0.00032777281012386084,0.0002158864081138745,2.9131439077900723e-05,0.000238691340200603,0.00034188281279057264,0.0003592555585782975,0.00041551291360519826,0.0003130559634882957,0.00039406580617651343,0.00040252713370136917,0.00026682199677452445,3.673105675261468e-05,0.00028969344566576183,0.0003398396074771881
113,0.0002868036099243909,0.00033192444243468344,0.00026489427546039224,1e-04,0.0003589123080018908,0.000329500442603603,0.00021306566486600786,2.996946932398714e-05,0.0002328792033949867,0.0003360989212524146,0.00034540321212261915,0.0003955173015128821,0.0003018733114004135,0.0004240691487211734,0.0003795160446316004,0.00024628278333693743,3.831454159808345e-05,0.0002572880475781858,0.00032859545899555087
114,0.0002797440392896533,0.0003353688516654074,0.00026536104269325733,1e-04,0.0003491358947940171,0.0003363684518262744,0.00021721010853070766,3.437342820689082e-05,0.0002338820486329496,0.000336805620463565,0.00033824623096734285,0.0003816868702415377,0.0003010589280165732,0.0004210769257042557,0.0003603603399824351,0.00024718602071516216,4.671912392950617e-05,0.00027927703922614455,0.0003339188115205616
115,0.00027904025046154857,0.000329989823512733,0.0002629527298267931,1e-04,0.0003549005195964128,0.00032217742409557104,0.00021122842736076564,2.9891831218264997e-05,0.00023656523262616247,0.0003398279077373445,0.0003540563920978457,0.0004115254560019821,0.0003098782617598772,0.00040317446109838784,0.00041156928637064993,0.00026072555920109153,3.419333734200336e-05,0.00027178661548532546,0.000331995019223541
116,0.00025855674175545573,0.0003124100330751389,0.0002489002363290638,1e-04,0.00033909190096892416,0.000306444417219609,0.0001935635373229161,2.9675011319341138e-05,0.00021989729430060834,0.0003315625071991235,0.0003273420443292707,0.00038810409023426473,0.0003023553581442684,0.00041793601121753454,0.00036085807369090617,0.00025720466510392725,4.265932147973217e-05,0.0002646523935254663,0.0003600861527957022
117,0.00027307093841955066,0.0003244423132855445,0.0002611390664242208,1e-04,0.0003497498109936714,0.00032098020892590284,0.00021227795514278114,3.109591125394218e-05,0.00023726123617962003,0.0003402343427296728,0.00031831604428589344,0.0003831887152045965,0.00028327442123554647,0.0003888368373736739,0.0003420502180233598,0.0002257567539345473,2.779861824819818e-05,0.0002599803265184164,0.00032026765984483063
118,0.00027855439111590385,0.00032970719621516764,0.00026278739096596837,1e-04,0.00035156990634277463,0.0003289134183432907,0.00021748413564637303,2.559650420153048e-05,0.00023551179037895054,0.0003349620965309441,0.0003454010293353349,0.0004072136362083256,0.0002996673865709454,0.00039861214463599026,0.00035592869971878827,0.00024182246124837548,4.8402391257695854e-05,0.0002713459834922105,0.00032861263025552034
119,0.0002796734042931348,0.0003288902807980776,0.00026047174469567835,1e-04,0.00035830316483043134,0.00032363232458010316,0.0002090639463858679,3.121435292996466e-05,0.000220077286940068,0.0003329190658405423,0.000324437627568841,0.00038052196032367647,0.00028638841467909515,0.0004076006880495697,0.00033440167317166924,0.00022584381804335862,3.5291410313220695e-05,0.0002571858058217913,0.00032582416315563023
120,0.0002825448173098266,0.00033144131884910166,0.0002642771287355572,1e-04,0.0003514333802741021,0.0003333723288960755,0.0002163346071029082,3.0683091608807445e-05,0.00023227935889735818,0.00033612712286412716,0.00035864862729795277,0.0003911171806976199,0.00031204192782752216,0.0004410286492202431,0.0003750623145606369,0.00024973013205453753,4.445712693268433e-05,0.0002722366771195084,0.00036405480932444334
121,0.00027315295301377773,0.00031673640478402376,0.0002536597603466362,1e-04,0.00034834936377592385,0.000322008621878922,0.00020242686150595546,2.9552486012107693e-05,0.00021680544887203723,0.00032024647225625813,0.00037997198523953557,0.000413489033235237,0.0003292961628176272,0.0004422718193382025,0.00039451944758184254,0.0002805290278047323,4.932341107632965e-05,0.0003070139209739864,0.00036725078825838864
122,0.0002677772718016058,0.0003158417821396142,0.00025309878401458263,1e-04,0.00033625890500843525,0.0003089678066316992,0.00020855190814472735,3.374848893145099e-05,0.0002266082592541352,0.00032703555189073086,0.000316482997732237,0.0003916157002095133,0.0002795680775307119,0.00038725105696357787,0.00033136026468127966,0.000222680508159101,3.431858203839511e-05,0.00023331177362706512,0.00031952394056133926
123,0.0002995956747327,0.00033857423113659024,0.00027156827854923904,1e-04,0.0003629264247138053,0.0003436325350776315,0.00022730481578037143,2.8086973543395288e-05,0.00023646492627449334,0.0003359610273037106,0.00031780212884768844,0.0003671031736303121,0.0002819561923388392,0.00040852627716958523,0.00034126342507079244,0.0002214244450442493,3.8437825423898175e-05,0.00023872859310358763,0.00032236374681815505
124,0.0002534142986405641,0.0003114839782938361,0.00024018461408559233,1e-04,0.00032358840689994395,0.00029626363539136946,0.00018996633298229426,2.9021317459410056e-05,0.00020811469585169107,0.00030962415621615946,0.00033783409162424505,0.0003777120145969093,0.0002971093636006117,0.00040571464342065156,0.0003472402167972177,0.0002468335733283311,3.8111229514470324e-05,0.00027179994503967464,0.0003516291035339236
125,0.00026918950607068837,0.00031406868947669864,0.0002528259647078812,1e-04,0.00034052308183163404,0.00031890798709355295,0.0002060794795397669,2.9794480724376626e-05,0.0002221165195805952,0.00032192759681493044,0.00032985274447128177,0.00039947728510014713,0.00029664632165804505,0.00043036314309574664,0.00036076660035178065,0.00022914353758096695,3.1680847314419225e-05,0.0002517739776521921,0.0003401122521609068
126,0.0002698674506973475,0.00031072975252754986,0.0002484186552464962,1e-04,0.00033843814162537456,0.00031082480563782156,0.000198715555598028,2.6293018891010433e-05,0.000212428902159445,0.0003200513019692153,0.0003143167996313423,0.00038419978227466345,0.0002792356535792351,0.00040713109774515033,0.00033065793104469776,0.00021604399080388248,3.999356340500526e-05,0.0002350573195144534,0.0003064845222979784
127,0.00026386234094388783,0.000309471448417753,0.0002481968840584159,1e-04,0.00034309469629079103,0.0003085476637352258,0.00020132340432610363,2.8300633857725188e-05,0.0002136026305379346,0.00031737342942506075,0.0003009495558217168,0.0003553279966581613,0.0002690088876988739,0.0003737526130862534,0.0003245299158152193,0.00021002900029998273,3.344202195876278e-05,0.00025391438975930214,0.00030012568458914757
128,0.0002539292036090046,0.00031433452386409044,0.00024279457284137607,1e-04,0.0003243993560317904,0.0003113175625912845,0.00019441236509010196,2.8207248760736547e-05,0.00020990055054426193,0.00030585541389882565,0.0003263753023929894,0.0003755028883460909,0.0002762879303190857,0.0003831653157249093,0.00032743249903433025,0.0002334935707040131,2.55399318120908e-05,0.00023969750327523798,0.00029909631120972335
129,0.00026961250114254653,0.0003104624047409743,0.0002489618200343102,1e-04,0.0003483011096250266,0.00030415653600357473,0.00020096830849070102,2.6574256480671465e-05,0.0002165162586607039,0.00031510426197201014,0.0003318019153084606,0.0003795280063059181,0.00028408251819200814,0.0003800160193350166,0.0003390709753148258,0.00023419002536684275,3.51723465428222e-05,0.00024760764790698886,0.0003252732858527452
130,0.00023179041454568505,0.0002719394979067147,0.00022243264538701624,1e-05,0.0002980860008392483,0.0002826812560670078,0.00017472144099883735,2.4583961931057274e-05,0.00019665485888253897,0.00029900408117100596,0.0003195774625055492,0.0003843900631181896,0.00027788817533291876,0.0003754803037736565,0.00033421668922528625,0.00023467547725886106,2.8436939828679897e-05,0.00023868550488259643,0.00030764308758080006
131,0.00023591080389451236,0.0002876717480830848,0.00022901153715793043,1e-05,0.0003196992038283497,0.0002853235346265137,0.00018374144565314054,2.7565665732254274e-05,0.00019921321654692292,0.00029296628781594336,0.00029308057855814695,0.00034874858101829886,0.0002655150310602039,0.0003853446105495095,0.0003019036666955799,0.00020663670147769153,3.373759682290256e-05,0.00023463038087356836,0.00032003805972635746
132,0.00024317103088833392,0.00029245440964587033,0.0002309283008798957,1e-05,0.00031780029530636966,0.0002863180707208812,0.00018981617176905274,2.8107640900998376e-05,0.00019872163829859346,0.000291037664283067,0.0003063612966798246,0.0003789835318457335,0.0002759360650088638,0.00038569336174987257,0.000326905952533707,0.0002179127186536789,3.2565221772529185e-05,0.00024371939070988446,0.0003153470461256802
133,0.00025225189165212214,0.00029495966737158597,0.00023619428975507617,1e-05,0.0003199367201887071,0.00029785948572680354,0.00018748169532045722,2.7763440812123008e-05,0.00021175316942390054,0.00029754755087196827,0.0003128629759885371,0.00036398586235009134,0.0002731410786509514,0.00039606596692465246,0.0003387995238881558,0.0002256317384308204,2.4789640519884415e-05,0.0002335504104848951,0.00028944245423190296
134,0.00024155841674655676,0.00029017211636528373,0.00023076491197571158,1e-05,0.0003178624901920557,0.0002869123127311468,0.00018846608872991055,2.3135959054343402e-05,0.00020056372159160674,0.000297448190394789,0.000295346777420491,0.00036090746289119124,0.00025907158851623535,0.00036273119621910155,0.0003203870146535337,0.0002118919655913487,3.146339440718293e-05,0.0002197931316914037,0.00027005188167095184
135,0.00023833052546251565,0.0002808371791616082,0.0002234310086350888,1e-05,0.0003153522266075015,0.0002786983095575124,0.000174963497556746,2.32190614042338e-05,0.00018717428611125797,0.0002888731542043388,0.0003192420117557049,0.0003462253953330219,0.00027032746584154665,0.000365504645742476,0.00032229485805146396,0.00021832755010109395,2.8302754799369723e-05,0.0002512523205950856,0.0003114702121820301
136,0.00023718937882222235,0.00029552431078627706,0.00023127414169721305,1e-05,0.0003213511372450739,0.00028982636285945773,0.00018730582087300718,2.670556386874523e-05,0.00019754523236770183,0.0002947448519989848,0.0003022068412974477,0.0003781997656915337,0.0002751767751760781,0.00037270638858899474,0.00033287014230154455,0.0002234538405900821,3.690065204864368e-05,0.00023936569050420076,0.00031571093131788075
137,0.00023607084585819393,0.0002835003542713821,0.00022563505626749247,1e-05,0.00032044757972471416,0.00028243783162906766,0.00017845934780780226,2.6839576094062068e-05,0.00018952155369333923,0.0002878035302273929,0.00027761381352320313,0.00035048433346673846,0.00025954883312806487,0.00036585042835213244,0.00031478735036216676,0.00021093936811666936,2.8814130928367376e-05,0.00023521789989899844,0.0002926835441030562
138,0.00022526810062117875,0.00028194274636916816,0.00022015953436493874,1e-05,0.0003048072976525873,0.00027885937015525997,0.00017542058776598424,2.3381118808174506e-05,0.000189796497579664,0.0002817999629769474,0.00026984550640918314,0.00030953879468142986,0.00023530646285507828,0.00033602153416723013,0.00028097364702261984,0.00017520027176942676,3.328747698105872e-05,0.00020396731270011514,0.00027361727552488446
139,0.0002282810164615512,0.0002688843524083495,0.00021545833442360163,1e-05,0.0002941741549875587,0.00027281962684355676,0.00017174132517538965,2.5211564206983894e-05,0.00018435211677569896,0.00027820191462524235,0.0003040860465262085,0.0003651475126389414,0.0002715323935262859,0.00038513384060934186,0.00033275329042226076,0.000219092849874869,2.9868295314372517e-05,0.00023232135572470725,0.00030385583522729576
140,0.000223249924601987,0.00028169367578811944,0.00021724161342717707,1e-05,0.000305694411508739,0.00027550364029593766,0.00016906383098103106,2.0736211808980443e-05,0.00018118761363439262,0.0002808037679642439,0.0002910938346758485,0.0003589050902519375,0.0002628676302265376,0.0003819506673607975,0.00030424847500398755,0.00019518795306794345,3.775819641305134e-05,0.00022809536312706769,0.00030570142553187907
141,0.00023462182434741408,0.00027847319142892957,0.00022296002134680748,1e-05,0.00031055539147928357,0.0002788761630654335,0.00017623814346734434,2.6530076866038144e-05,0.0001919158676173538,0.0002864697016775608,0.0003154081932734698,0.00034798766137100756,0.0002682565536815673,0.0003796936071012169,0.0003197919868398458,0.00020919776579830796,3.42399362125434e-05,0.00023013206373434514,0.00030960125150159
142,0.00022927769168745726,0.00027663484797813,0.00021864779409952462,1e-05,0.000311229785438627,0.0002691306290216744,0.00017197444685734808,2.637638317537494e-05,0.0001833060523495078,0.00028125251992605627,0.0003371523634996265,0.0003843696613330394,0.00028426069184206426,0.0004031159041915089,0.00034542998764663935,0.00022398748842533678,3.01323743769899e-05,0.000242241017986089,0.000307656591758132
143,0.00022698825341649354,0.0002802703238558024,0.00021814773208461702,1e-05,0.0003012343368027359,0.0002745535457506776,0.00017084559658542275,2.2107142285676673e-05,0.0001909172860905528,0.0002782646333798766,0.00030150593374855816,0.0003456278645899147,0.0002598594001028687,0.00035753907286562026,0.00031998183112591505,0.00020387089170981199,3.766154986806214e-05,0.00022542748774867505,0.0002872608893085271
144,0.00022895786969456822,0.00027926548500545323,0.00021750899031758308,1e-05,0.0003050470841117203,0.0002791724109556526,0.00017626929911784828,2.294500154675916e-05,0.00018088397337123752,0.0002675306750461459,0.0003148734103888273,0.0003551094268914312,0.000275591854006052,0.0004235517408233136,0.00032617495162412524,0.00021020097483415157,2.8177764761494473e-05,0.00022085208911448717,0.00032579436083324254
145,0.00022857775911688805,0.00027673260774463415,0.00022223380801733583,1e-05,0.0003103837661910802,0.00027944406610913575,0.00017670460510998964,2.792517261696048e-05,0.00019374002295080572,0.0002843622933141887,0.0003201457147952169,0.0003794112126342952,0.00028222257969900966,0.00039602420292794704,0.00032728532096371055,0.00023457650968339294,3.470186493359506e-05,0.00025643696426413953,0.0003091985417995602
146,0.00023511324252467602,0.00028082230710424483,0.00022441601322498173,1e-05,0.00031014197156764567,0.00027858043904416263,0.00017656877753324807,2.3829399651731364e-05,0.00019394021364860237,0.00029633205849677324,0.0003483812033664435,0.00038867007242515683,0.00028983669471926987,0.0004008494724985212,0.00036006784648634493,0.0002406410058028996,3.117436426691711e-05,0.0002521600399632007,0.0002967496693599969
147,0.00021811469923704863,0.0002712919085752219,0.00021480648138094693,1e-05,0.00030371081084012985,0.00026887067360803485,0.00016828360094223171,2.4267274056910537e-05,0.00018344877753406763,0.00028046444640494883,0.0002888503368012607,0.00036126928171142936,0.00026662080199457705,0.00036657272721640766,0.0003099498280789703,0.00022909582185093313,2.917979691119399e-05,0.00024765144917182624,0.00030039684497751296
148,0.0002220531168859452,0.00027043369482271373,0.00021556623687501997,1e-05,0.0002985263126902282,0.000272863544523716,0.0001678490953054279,2.4289598513860255e-05,0.0001869167317636311,0.00028159740031696856,0.00027957232668995857,0.00034211427555419505,0.00025300163542851806,0.0003494328702799976,0.00029585015727207065,0.0001915186148835346,3.0966293707024306e-05,0.0002341042272746563,0.0003004542086273432
149,0.00022902381897438318,0.0002738734765443951,0.00021895600366406143,1e-05,0.0003062439209315926,0.0002747815742623061,0.00016990184667520225,2.411756941000931e-05,0.0001876434253063053,0.00028606189880520105,0.000299268082017079,0.000352006551111117,0.00026382532087154686,0.0003869099891744554,0.0003203044179826975,0.00019894669821951538,3.594304507714696e-05,0.00022026555961929262,0.00029695802368223667
150,0.00023428491840604693,0.0002797743945848197,0.00022510906273964792,1e-05,0.0003044791810680181,0.00028239513630978763,0.00018278256175108254,2.4142027541529387e-05,0.0001972157187992707,0.0002957985852845013,0.00027065546601079404,0.0003293656336609274,0.00023900900851003826,0.0003601018397603184,0.00028454005951061845,0.00017615326214581728,3.203819505870342e-05,0.00018956033454742283,0.0002696572046261281
151,0.00022529730631504208,0.0002735805173870176,0.0002166183985536918,1e-05,0.0003057279100175947,0.00027432534261606634,0.00016589467122685164,2.5376028133905493e-05,0.0001848771353252232,0.0002778686466626823,0.00032773916609585285,0.00038011083961464465,0.00028595305047929287,0.0003979979665018618,0.0003373383078724146,0.00022489982075057924,3.669798752525821e-05,0.0002587032795418054,0.000324136926792562
152,0.00022961314243730158,0.00027223752113059163,0.00022079497284721583,1e-05,0.00030836512451060116,0.0002769686980172992,0.0001768690417520702,2.3636994228581898e-05,0.00019089545821771026,0.00028777378611266613,0.00027659942861646414,0.0003348662576172501,0.0002539907000027597,0.00037262108526192605,0.0002927834866568446,0.00020390062127262354,3.8561640394618735e-05,0.00021899756393395364,0.00029359557083807886
153,0.00022085662931203842,0.00026790081756189466,0.0002133165835402906,1e-05,0.00030293126474134624,0.00027069906354881823,0.00016469121328555048,2.2206413632375188e-05,0.00018617039313539863,0.00027107694768346846,0.00032378066680394113,0.00038199906703084707,0.00027620536275207996,0.00038688405766151845,0.00032965009449981153,0.00021851413475815207,2.500207665434573e-05,0.00022926044766791165,0.0003145522205159068
154,0.00022868691303301603,0.0002721970377024263,0.0002186959027312696,1e-05,0.00030434434302151203,0.00027717818738892674,0.00017316410958301276,2.1058791389805265e-05,0.0001845678489189595,0.00028836994897574186,0.00027812557527795434,0.00034636948839761317,0.00024701267830096185,0.0003569690743461251,0.0002971394860651344,0.00018143423949368298,3.183171429554932e-05,0.00021354027558118105,0.00027069138013757765
155,0.0002208569785580039,0.00027036271058022976,0.00021289550932124257,1e-05,0.00029286957578733563,0.0002680474426597357,0.00016567156126257032,2.7188043532078154e-05,0.00018379761604592204,0.00027436978416517377,0.00029734562849625945,0.0003658355853985995,0.00026000814978033304,0.00037898498703725636,0.0003144321672152728,0.000208667668630369,2.4145725546986796e-05,0.00022099062334746122,0.00026966282166540623
156,0.0002320123603567481,0.00028479547472670674,0.00022516289027407765,1e-05,0.0003160160267725587,0.00028311918140389025,0.00018058436398860067,2.3459335352526978e-05,0.00019206359866075218,0.0002892530173994601,0.000276938866591081,0.0003357384412083775,0.0002453539927955717,0.00035500223748385906,0.00027968885842710733,0.00019057503959629685,3.4779553971020505e-05,0.00021382626437116414,0.0002762826916296035
157,0.00020755598961841315,0.00026240109582431614,0.00020559436234179884,1e-05,0.00029098603408783674,0.00025770184583961964,0.0001623695861781016,2.259627217426896e-05,0.00017561618005856872,0.00026552731287665665,0.00029582527349703014,0.00035791483242064714,0.00026134648942388594,0.00036186500801704824,0.00031009307713247836,0.00020543098798952997,3.034033034055028e-05,0.00023357445024885237,0.0002957277756650001
158,0.00023876996419858187,0.0002852083998732269,0.00022586702834814787,1e-05,0.00031487815431319177,0.00028766176546923816,0.00017838280473370105,2.1671552531188354e-05,0.00019499710469972342,0.0002853666665032506,0.0003208740963600576,0.00038391357520595193,0.00028001220198348165,0.00040211176383309066,0.00034417654387652874,0.00021679169731214643,3.44630861945916e-05,0.000245049741351977,0.0002927171008195728
159,0.00021783728152513504,0.00027010508347302675,0.00021472010121215135,1e-06,0.00029727400396950543,0.00027367795701138675,0.0001718313287710771,2.5305462258984335e-05,0.00018559242016635835,0.00027613737620413303,0.00031321568530984223,0.00037031262763775885,0.0002701371267903596,0.0003711633034981787,0.0003258062060922384,0.00022266646556090564,4.0388717025052756e-05,0.00023668629000894725,0.0002808576391544193
160,0.0002293347497470677,0.00026691463426686823,0.00021706486586481333,1e-06,0.00030281246290542185,0.0002741171920206398,0.00017398397903889418,2.4315508198924363e-05,0.00018807974993251264,0.0002769606071524322,0.0002916113589890301,0.00035423351801000535,0.0002571718068793416,0.00034837270504795015,0.00030251467251218855,0.00020839688659179956,3.482107422314584e-05,0.00022328179329633713,0.00029414251912385225
161,0.00020890156156383455,0.00026011178852058947,0.00020505090651568025,1e-06,0.0002853848855011165,0.00026612001238390803,0.00016051642887759954,2.2234211428440176e-05,0.00017075135838240385,0.000266386748990044,0.00028065009973943233,0.0003414466918911785,0.0002407771535217762,0.00036112850648351014,0.00030880002304911613,0.000177386958966963,3.397922046133317e-05,0.0001827492960728705,0.00024007658066693693
162,0.00022602578974328935,0.00027214718284085393,0.00021574844140559435,1e-06,0.0003014874819200486,0.0002653241972438991,0.00017115622176788747,2.5676743462099694e-05,0.00018594083667267114,0.0002782283117994666,0.00028082425706088543,0.00034154835157096386,0.0002503309224266559,0.000352237286278978,0.00029489773442037404,0.0001980202505365014,3.526472573867068e-05,0.00021774582273792475,0.00028210895834490657
163,0.00021510213264264166,0.0002711358538363129,0.00021358957746997476,1e-06,0.0003010762156918645,0.0002755330060608685,0.00016857955779414624,2.407944339211099e-05,0.0001812676346162334,0.0002719422336667776,0.00031607988057658076,0.00036808059667237103,0.0002771816507447511,0.0003929385857190937,0.0003311875043436885,0.00022174138575792313,3.333949644002132e-05,0.00023439414508175105,0.0003196917532477528
164,0.00023258145665749907,0.0002850910823326558,0.000222701026359573,1e-06,0.00031609166762791574,0.0002766801044344902,0.00017699424643069506,2.319693157915026e-05,0.00018926218035630882,0.0002817102358676493,0.00032256566919386387,0.00038166105514392257,0.0002808170102071017,0.00037315976805984974,0.00032987771555781364,0.00022937299218028784,3.118971289950423e-05,0.0002585736510809511,0.00032013552845455706
165,0.00022794526012148708,0.00027332251193001866,0.0002178331633331254,1e-06,0.00029897745116613805,0.00027421751292422414,0.000171052772202529,2.2859761884319596e-05,0.00019310475909151137,0.00028118587215431035,0.0003085785428993404,0.0003574256843421608,0.0002730061823967844,0.00039348547579720616,0.0003169981646351516,0.00021563506743405014,3.782380372285843e-05,0.00022984152019489557,0.0003242611128371209
166,0.000228004515520297,0.0002749864652287215,0.0002178456197725609,1e-06,0.0002990585344377905,0.00027407609741203487,0.00017821803339757025,2.251781552331522e-05,0.000187860379810445,0.0002780429203994572,0.0002794348110910505,0.00034933994174934924,0.00025062551139853895,0.00036237837048247457,0.00029123458079993725,0.0001926265103975311,3.641076909843832e-05,0.00022459804313257337,0.00026898097712546587
167,0.00021677000040654093,0.00027022301219403744,0.00021194026339799166,1e-06,0.0002930732734967023,0.00027274948661215603,0.00016603317635599524,2.4116930944728665e-05,0.00018166184599976987,0.0002708947577048093,0.00033847716986201704,0.00038773930282332003,0.00029635231476277113,0.00041622130083851516,0.0003448190400376916,0.0002380412770435214,3.143729918519966e-05,0.0002646328939590603,0.00034945030347444117
168,0.0002356363256694749,0.0002825445553753525,0.0002233537961728871,1e-06,0.00030963163590058684,0.00027866207528859377,0.00018081054440699518,2.7699634301825427e-05,0.00019037119636777788,0.00028147432021796703,0.00032613929943181574,0.0003763888671528548,0.00028212188044562936,0.0004080461512785405,0.0003409272467251867,0.00022854114649817348,3.727394505403936e-05,0.00023952251649461687,0.0003001358709298074
